{
	"partitions" : [
		{
			"name" : "Top",
			"pins" : [
				{
					"name" : "a3[0]",
					"strict" : false
				},
				{
					"name" : "a3[1]",
					"strict" : false
				},
				{
					"name" : "a3[2]",
					"strict" : false
				},
				{
					"name" : "a3[3]",
					"strict" : false
				},
				{
					"name" : "a3[4]",
					"strict" : false
				},
				{
					"name" : "a3[5]",
					"strict" : false
				},
				{
					"name" : "a3[6]",
					"strict" : false
				},
				{
					"name" : "a2[0]",
					"strict" : false
				},
				{
					"name" : "a2[1]",
					"strict" : false
				},
				{
					"name" : "a2[2]",
					"strict" : false
				},
				{
					"name" : "a2[3]",
					"strict" : false
				},
				{
					"name" : "a2[4]",
					"strict" : false
				},
				{
					"name" : "a2[5]",
					"strict" : false
				},
				{
					"name" : "a2[6]",
					"strict" : false
				},
				{
					"name" : "a1[0]",
					"strict" : false
				},
				{
					"name" : "a1[1]",
					"strict" : false
				},
				{
					"name" : "a1[2]",
					"strict" : false
				},
				{
					"name" : "a1[3]",
					"strict" : false
				},
				{
					"name" : "a1[4]",
					"strict" : false
				},
				{
					"name" : "a1[5]",
					"strict" : false
				},
				{
					"name" : "a1[6]",
					"strict" : false
				},
				{
					"name" : "a0[0]",
					"strict" : false
				},
				{
					"name" : "a0[1]",
					"strict" : false
				},
				{
					"name" : "a0[2]",
					"strict" : false
				},
				{
					"name" : "a0[3]",
					"strict" : false
				},
				{
					"name" : "a0[4]",
					"strict" : false
				},
				{
					"name" : "a0[5]",
					"strict" : false
				},
				{
					"name" : "a0[6]",
					"strict" : false
				},
				{
					"name" : "s[0]",
					"strict" : false
				},
				{
					"name" : "s[1]",
					"strict" : false
				},
				{
					"name" : "s[2]",
					"strict" : false
				},
				{
					"name" : "s[3]",
					"strict" : false
				},
				{
					"name" : "s[4]",
					"strict" : false
				},
				{
					"name" : "s[5]",
					"strict" : false
				},
				{
					"name" : "s[6]",
					"strict" : false
				},
				{
					"name" : "done",
					"strict" : false
				},
				{
					"name" : "reset",
					"strict" : false
				},
				{
					"name" : "start",
					"strict" : false
				},
				{
					"name" : "response",
					"strict" : false
				},
				{
					"name" : "clk",
					"strict" : false
				}
			]
		}
	]
}